professor,dia,periodo
Prof. Ana,Seg,1
Prof. Ana,Qua,5
Prof. Ana,Sex,4
Prof. Ana,Sex,5
Prof. Bruno,Ter,1
Prof. Bruno,Ter,2
Prof. Bruno,Qui,5
Prof. Carla,Seg,4
Prof. Carla,Seg,5
Prof. Carla,Qua,1
Prof. Carla,Qua,2
Prof. Diana,Sex,1
Prof. Diana,Sex,2
Prof. Diana,Sex,3
Prof. Eduardo,Seg,1
Prof. Eduardo,Seg,2
Prof. Eduardo,Seg,3
Prof. Eduardo,Seg,4
Prof. Eduardo,Seg,5
Prof. Filipa,Qui,1
Prof. Filipa,Qui,2
Prof. Gonçalo,Ter,4
Prof. Gonçalo,Ter,5
Prof. Gonçalo,Qua,4
Prof. Gonçalo,Qua,5
Prof. Helena,Seg,1
Prof. Helena,Seg,2
Prof. Helena,Seg,3
Prof. Helena,Ter,3
Prof. Igor,Qua,3
Prof. Igor,Qui,3
Prof. Igor,Sex,5
Prof. Joana,Ter,1
Prof. Joana,Qui,1
Prof. Joana,Sex,1
